dataset,edge_h
Actor,0.22
Amazon-ratings,0.38
Chameleon,0.23
CiteSeer,0.74
Cora,0.81
Cornell,0.3
Flickr,0.32
GitHub,0.85
GitHub,0.85
Minesweeper,0.68
ogbl-citation2,0
ogbl-collab,0
ogbl-ppa,0
ogbl-vessel,0
ogbl-wikikg2,0
ogbn-arxiv,0.222
Photo,0.83
PubMed,0.8
Questions,0.84
Reddit,0.76
Roman-empire,0.05
SnapPatents,0.073
Squirrel,0.22
Texas,0.21
Wisconsin,0.11
